time_s,force_on_mass_N,load_on_stop_N,velocity_m_per_s,displacement_m,kinetic_energy_J
0.0,-0.0,0.0,2.0,0.0,40.0
0.0005,-9.869198534883921,9.869198534883921,1.9998766324816606,0.0009999794385778323,39.99506545146187
0.001,-19.735961992705345,19.735961992705345,1.9995065603657316,0.0019998355147105486,39.98026484945599
0.0015000000000000002,-29.597855897220615,29.597855897220615,1.9988898749619701,0.002999444896390871,39.95560732225481
0.002,-39.452446973675464,39.452446973675464,1.9980267284282716,0.0039986843124796825,39.921108075137816
0.0025,-49.29730374917919,49.29730374917919,1.996917333733128,0.004997430583121346,39.87678837763825
0.0030000000000000005,-59.12999715263421,59.12999715263421,1.99556196460308,0.005995560650136482,39.822675545705046
0.0035000000000000005,-68.94810111407294,68.94810111407294,1.9939609554551798,0.00699295160738473,39.758802918797336
0.004,-78.74919316325438,78.74919316325438,1.992114701314478,0.007989480731090015,39.68520983193272
0.0045000000000000005,-88.53085502737224,88.53085502737224,1.9900236577165575,0.008985025510120783,39.60194158271587
0.005,-98.29067322772771,98.29067322772771,1.9876883405951378,0.009979463676217808,39.509049393378525
0.0055000000000000005,-108.02623967521914,108.02623967521914,1.9851093261547739,0.01097267323416204,39.406590367866606
0.006000000000000001,-117.73515226450208,117.73515226450208,1.9822872507286888,0.01196453249187511,39.294627444015035
0.006500000000000001,-127.41501546667263,127.41501546667263,1.9792228106217657,0.012954920090445025,39.173229340855215
0.007000000000000001,-137.06344092032856,137.06344092032856,1.9759167619387474,0.013943715034069664,39.04247050110505
0.0075,-146.6780480208617,146.6780480208617,1.9723699203976766,0.014930796719910683,38.902431028895364
0.008,-156.25646450783645,156.25646450783645,1.968583161128631,0.015916044967850467,38.75319662279194
0.0085,-165.79632705030954,165.79632705030954,1.964557418457798,0.016899340050144755,38.594858504175676
0.009000000000000001,-175.2952818299467,175.2952818299467,1.960293685676943,0.017880562720963694,38.427513341048936
0.009500000000000001,-184.75098512179193,184.75098512179193,1.95579301479833,0.01885959424581395,38.25126316733941
0.01,-194.16110387254662,194.16110387254662,1.9510565162951536,0.01983631643083466,38.06621529777781
0.0105,-203.52331627621575,203.52331627621575,1.9460853588275453,0.020810611651960027,37.872482238429356
0.011000000000000001,-212.8353123469785,212.8353123469785,1.9408807689542256,0.021782362883941267,37.67018159296346
0.011500000000000002,-222.0947944891428,222.0947944891428,1.9354440308298673,0.022751453729220855,37.459435964749645
0.012000000000000002,-231.29947806404257,231.29947806404257,1.9297764858882513,0.023717768446651872,37.24037285487208
0.0125,-240.44709195373846,240.44709195373846,1.9238795325112867,0.02468119198005541,37.01312455615847
0.013000000000000001,-249.53537912138185,249.53537912138185,1.917754625683981,0.025641609986608957,36.77782804332306
0.013500000000000002,-258.5620971681051,258.5620971681051,1.9114032766354452,0.026598908865058783,36.53462485932716
0.014000000000000002,-267.52501888629973,267.52501888629973,1.9048270524660196,0.027552975783749333,36.283660998063844
0.014500000000000002,-276.421932809147,276.421932809147,1.8980275757606155,0.028503698708462772,36.02508678347719
0.015,-285.25064375626374,285.25064375626374,1.8910065241883678,0.029450966430061738,35.75905674522972
0.0155,-294.0089733753307,294.0089733753307,1.8837656300886936,0.03039466859192854,35.485729491034526
0.016,-302.694760679568,302.694760679568,1.8763066800438635,0.031334695717194,35.205267575772254
0.0165,-311.3058625809265,311.3058625809265,1.8686315144381913,0.03227093923574921,34.91783736751569
0.017,-319.84015441886277,319.84015441886277,1.8607420270039436,0.03320329151103364,34.62360891058745
0.0175,-328.2955304845671,328.2955304845671,1.8526401643540922,0.034131645866592765,34.32275578577958
0.018000000000000002,-336.669904540516,336.669904540516,1.844327925502015,0.03505589661239898,34.015454967865665
0.018500000000000003,-344.96121033521933,344.96121033521933,1.8358073613682704,0.03597593907092894,33.70188668053932
0.019000000000000003,-353.1674021130378,353.1674021130378,1.8270805742745617,0.03689166960299123,33.38223424891462
0.019500000000000003,-361.28645511894223,361.28645511894223,1.8181497174250234,0.037802985633297786,33.056683949726924
0.02,-369.3163660980913,369.3163660980913,1.8090169943749475,0.03870978567577278,32.72542485937369
0.020500000000000004,-377.2551537901051,377.2551537901051,1.7996846584870905,0.03961196935859282,32.38864869993796
0.021,-385.1008594179112,385.1008594179112,1.7901550123756904,0.04050943744895215,32.046549683338085
0.0215,-392.8515471710437,392.8515471710437,1.78043040733833,0.041402091877546926,31.699324353749315
0.022000000000000002,-400.5053046832757,400.5053046832757,1.7705132427757893,0.042289835762772315,31.34717142844441
0.0225,-408.0602435044667,408.0602435044667,1.760405965600031,0.04317257343462658,30.99029163720178
0.023000000000000003,-415.51449956650947,415.51449956650947,1.7501110696304596,0.0440502104583162,30.628887560430712
0.0235,-422.866233643261,422.866233643261,1.7396310949786098,0.04492265365755628,30.26316346616477
0.024000000000000004,-430.11363180434444,430.11363180434444,1.7289686274214116,0.04578981113756042,29.893325146074798
0.0245,-437.2549058627085,437.2549058627085,1.718126297763189,0.046651592307714304,29.519579750654422
0.025,-444.2882938158365,444.2882938158365,1.7071067811865475,0.04750790790392765,29.14213562373095
0.025500000000000002,-451.2120602804939,451.2120602804939,1.6959127965923144,0.04835867001065876,28.76120213645565
0.026000000000000002,-458.02449692090823,458.02449692090823,1.6845471059286887,0.04920379208260636,28.376989520927207
0.026500000000000003,-464.7239228702749,464.7239228702749,1.6730125135097733,0.05004318896606338,27.989708703602894
0.027000000000000003,-471.30868514548666,471.30868514548666,1.6613118653236518,0.05087677691992731,27.599571138651516
0.0275,-477.7771590549819,477.7771590549819,1.6494480483301839,0.05170447363636213,27.206788641402525
0.028000000000000004,-484.1277485996136,484.1277485996136,1.6374239897486897,0.0525261982611065,26.81157322204517
0.0285,-490.3588868664372,490.3588868664372,1.6252426563357052,0.05334187141342331,26.41413691973139
0.029000000000000005,-496.4690364153241,496.4690364153241,1.6129070536529766,0.05415141520568578,26.01469163723526
0.029500000000000002,-502.45668965830123,502.45668965830123,1.600420225325884,0.054954753262594934,25.613448976321532
0.03,-508.32036923152583,508.32036923152583,1.5877852522924734,0.055751810740024194,25.210620073974734
0.030500000000000003,-514.0586283598037,514.0586283598037,1.5750052520432787,0.05654251434348598,24.80641543963912
0.031,-519.6700512135579,519.6700512135579,1.5620833778521308,0.057326792346216,24.401044793619228
0.0315,-525.1532532581654,525.1532532581654,1.5490228179981318,0.05810457460687085,23.99471690678873
0.032,-530.5068815955681,530.5068815955681,1.5358267949789965,0.05887579258683425,23.58763944175457
0.0325,-535.7296152980819,535.7296152980819,1.5224985647159488,0.05964037936712797,23.180018795621244
0.033,-540.8201657343152,540.8201657343152,1.5090414157503713,0.06039826966492305,22.77205994449885
0.0335,-545.7772768871196,545.7772768871196,1.4954586684324076,0.06114939984964744,22.363966289896297
0.034,-550.5997256634926,550.5997256634926,1.4817536741017152,0.061893707958685776,21.95593950713932
0.0345,-555.2863221963587,555.2863221963587,1.4679298142605735,0.0626311337126678,21.548179395950818
0.035,-559.8359101381506,559.8359101381506,1.4539904997395467,0.06336161853034143,21.140883733328568
0.035500000000000004,-564.2473669461202,564.2473669461202,1.439939169855915,0.06408510554302671,20.734248128853416
0.036000000000000004,-568.5196041593106,568.5196041593106,1.4257792915650727,0.06480153960864735,20.328465882558007
0.036500000000000005,-572.6515676671161,572.6515676671161,1.4115143586051087,0.06551086732533626,19.92372784548391
0.037000000000000005,-576.642237969369,576.642237969369,1.3971478906347805,0.06621303704461155,19.520222283052167
0.0375,-580.4906304278861,580.4906304278861,1.3826834323650898,0.06690799888412013,19.118134741369058
0.038000000000000006,-584.1957955094128,584.1957955094128,1.368124552684678,0.06759570473994542,18.7176479165865
0.0385,-587.7568190199069,587.7568190199069,1.3534748437792574,0.06827610829847613,18.31894152743285
0.03900000000000001,-591.172822330102,591.172822330102,1.3387379202452911,0.0689491650478337,17.922192191026877
0.0395,-594.4429625922959,594.4429625922959,1.3239174181981497,0.06961483228885468,17.52757330208454
0.04,-597.5664329483111,597.5664329483111,1.3090169943749475,0.07027306914562628,17.135254915624213
0.0405,-600.5424627285748,600.5424627285748,1.294040325232304,0.07092383657557186,16.745403633273273
0.04100000000000001,-603.37031764227,603.37031764227,1.278991106039229,0.07156709737908407,16.3581824932745
0.0415,-606.0492999585108,606.0492999585108,1.263873049965373,0.07220281620870327,15.97375086428774
0.042,-608.5787486784972,608.5787486784972,1.2486898871648546,0.07283095957783908,15.592264343077773
0.0425,-610.9580396986065,610.9580396986065,1.2334453638559053,0.0734514958690326,15.213874656176268
0.043,-613.1865859643815,613.1865859643815,1.218143241396543,0.07406439534175761,14.838729565600763
0.043500000000000004,-615.2638376153776,615.2638376153776,1.2027872953565124,0.0746696301397586,14.466972778710343
0.044000000000000004,-617.1892821208326,617.1892821208326,1.1873813145857248,0.07526717429792376,14.09874386227324
0.044500000000000005,-618.9624444061258,618.9624444061258,1.1719291002794094,0.07585700374869168,13.734178160817061
0.045,-620.5828869699956,620.5828869699956,1.156434465040231,0.07643909632798954,13.373406719328852
0.0455,-622.0502099924865,622.0502099924865,1.1409012319375829,0.07701343178070175,13.016556210366943
0.046000000000000006,-623.364051433599,623.364051433599,1.125333233564304,0.0775799917656677,12.663748865642926
0.04650000000000001,-624.5240871226167,624.5240871226167,1.1097343110910451,0.07813875986020702,12.315102412127166
0.047,-625.5300308380914,625.5300308380914,1.0941083133185145,0.07868972156417174,11.970730012726849
0.0475,-626.3816343784637,626.3816343784637,1.0784590957278453,0.079232864303524,11.630740211581216
0.04800000000000001,-627.0786876233026,627.0786876233026,1.0627905195293132,0.07976817743343842,11.295236884013875
0.04850000000000001,-627.6210185851503,627.6210185851503,1.0471064507096426,0.08029565224092856,10.964319191177452
0.049,-628.0084934519571,628.0084934519571,1.0314107590781283,0.08081528194699682,10.638081539421208
0.0495,-628.2410166200972,628.2410166200972,1.0157073173118207,0.08132706170830693,10.316613544407758
0.05,-628.3185307179585,628.3185307179585,1.0,0.08183098861837906,10.0
0.05050000000000001,-628.2410166200972,628.2410166200972,0.984292682688179,0.08232706170830695,9.688320851934924
0.051000000000000004,-628.0084934519571,628.0084934519571,0.9685892409218719,0.08281528194699682,9.381651176296081
0.051500000000000004,-627.6210185851503,627.6210185851503,0.9528935492903574,0.08329565224092855,9.080061162791749
0.052000000000000005,-627.0786876233026,627.0786876233026,0.9372094804706866,0.08376817743343842,8.783616102841345
0.0525,-626.3816343784637,626.3816343784637,0.9215409042721553,0.084232864303524,8.492376382467416
0.053000000000000005,-625.5300308380914,625.5300308380914,0.9058916866814857,0.08468972156417175,8.20639747998627
0.053500000000000006,-624.5240871226167,624.5240871226167,0.8902656889089547,0.08513875986020703,7.925729968485358
0.054000000000000006,-623.364051433599,623.364051433599,0.8746667664356956,0.08557999176566769,7.650419523070758
0.0545,-622.0502099924865,622.0502099924865,0.8590987680624174,0.08601343178070175,7.380506932863632
0.055,-620.5828869699956,620.5828869699956,0.8435655349597694,0.08643909632798955,7.116028117719619
0.05550000000000001,-618.9624444061258,618.9624444061258,0.8280708997205901,0.08685700374869168,6.857014149640675
0.05600000000000001,-617.1892821208327,617.1892821208327,0.8126186854142754,0.08726717429792377,6.603491278844251
0.0565,-615.2638376153776,615.2638376153776,0.7972127046434876,0.08766963013975859,6.355480964449845
0.057,-613.1865859643815,613.1865859643815,0.7818567586034575,0.08806439534175763,6.112999909739052
0.0575,-610.9580396986065,610.9580396986065,0.7665546361440947,0.08845149586903261,5.876060101940054
0.05800000000000001,-608.5787486784972,608.5787486784972,0.7513101128351451,0.08883095957783908,5.644668856483586
0.0585,-606.0492999585108,606.0492999585108,0.7361269500346271,0.08920281620870327,5.4188288656728245
0.059000000000000004,-603.3703176422699,603.3703176422699,0.7210088939607706,0.08956709737908407,5.1985382517053385
0.059500000000000004,-600.5424627285748,600.5424627285748,0.7059596747676962,0.08992383657557187,4.983790623981114
0.06,-597.5664329483111,597.5664329483111,0.6909830056250529,0.09027306914562627,4.774575140626319
0.060500000000000005,-594.4429625922959,594.4429625922959,0.6760825818018505,0.09061483228885467,4.570876574158559
0.061000000000000006,-591.172822330102,591.172822330102,0.6612620797547086,0.09094916504783371,4.372675381215227
0.061500000000000006,-587.7568190199069,587.7568190199069,0.6465251562207428,0.09127610829847616,4.1799477762625585
0.062,-584.1957955094128,584.1957955094128,0.6318754473153223,0.09159570473994541,3.9926658091993867
0.0625,-580.4906304278861,580.4906304278861,0.6173165676349103,0.09190799888412014,3.8107974467654677
0.063,-576.642237969369,576.642237969369,0.6028521093652193,0.09221303704461155,3.634306657660943
0.0635,-572.6515676671162,572.6515676671162,0.5884856413948915,0.09251086732533625,3.463153501279568
0.064,-568.5196041593106,568.5196041593106,0.5742207084349273,0.09280153960864734,3.297294219955098
0.0645,-564.2473669461203,564.2473669461203,0.5600608301440853,0.09308510554302671,3.1366813346168194
0.065,-559.8359101381506,559.8359101381506,0.5460095002604533,0.09336161853034143,2.9812637437466987
0.0655,-555.2863221963587,555.2863221963587,0.5320701857394268,0.0936311337126678,2.830986825527881
0.066,-550.5997256634927,550.5997256634927,0.518246325898285,0.09389370795868578,2.685792543070714
0.0665,-545.7772768871195,545.7772768871195,0.5045413315675924,0.09414939984964744,2.545619552599992
0.067,-540.8201657343153,540.8201657343153,0.4909585842496287,0.09439826966492307,2.4104033144839976
0.0675,-535.729615298082,535.729615298082,0.4775014352840512,0.09464037936712798,2.2800762069832894
0.068,-530.5068815955682,530.5068815955682,0.46417320502100357,0.09487579258683426,2.154567642594706
0.0685,-525.1532532581654,525.1532532581654,0.4509771820018681,0.09510457460687086,2.0338041868634607
0.069,-519.6700512135582,519.6700512135582,0.43791662214786964,0.09532679234621602,1.9177096795340005
0.0695,-514.0586283598037,514.0586283598037,0.42499474795672143,0.09554251434348598,1.8062053579079718
0.07,-508.3203692315259,508.3203692315259,0.412214747707527,0.0957518107400242,1.6992099822758011
0.07050000000000001,-502.45668965830123,502.45668965830123,0.3995797746741161,0.09595475326259494,1.5966399632861739
0.07100000000000001,-496.46903641532407,496.46903641532407,0.3870929463470234,0.09615141520568578,1.4984094911161954
0.07150000000000001,-490.3588868664372,490.3588868664372,0.3747573436642947,0.09634187141342332,1.4044306663031827
0.07200000000000001,-484.1277485996136,484.1277485996136,0.36257601025131025,0.0965261982611065,1.3146136320975823
0.0725,-477.7771590549822,477.7771590549822,0.3505519516698168,0.09670447363636214,1.2288667081951756
0.07300000000000001,-471.30868514548655,471.30868514548655,0.33868813467634795,0.09687677691992731,1.1470965257054402
0.07350000000000001,-464.7239228702748,464.7239228702748,0.32698748649022646,0.09704318896606337,1.0692081632119603
0.07400000000000001,-458.0244969209082,458.0244969209082,0.3154528940713113,0.09720379208260638,0.9951052837796593
0.0745,-451.2120602804942,451.2120602804942,0.304087203407686,0.09735867001065876,0.9246902727630741
0.075,-444.2882938158366,444.2882938158366,0.29289321881345254,0.09750790790392765,0.8578643762690499
0.07550000000000001,-437.2549058627084,437.2549058627084,0.2818737022368111,0.09765159230771431,0.7945278401268643
0.07600000000000001,-430.11363180434427,430.11363180434427,0.27103137257858834,0.09778981113756043,0.7345800492183356
0.0765,-422.8662336432612,422.8662336432612,0.26036890502139054,0.09792265365755629,0.6779196670203789
0.077,-415.51449956650964,415.51449956650964,0.24988893036954074,0.0980502104583162,0.6244447752123318
0.0775,-408.06024350446677,408.06024350446677,0.23959403439996918,0.09817257343462657,0.5740530132005361
0.07800000000000001,-400.50530468327565,400.50530468327565,0.22948675722421064,0.09828983576277232,0.5266417174128379
0.0785,-392.85154717104393,392.85154717104393,0.21956959266167042,0.09840209187754693,0.48210806021611874
0.079,-385.10085941791135,385.10085941791135,0.2098449876243098,0.09850943744895216,0.4403491883104674
0.0795,-377.25515379010506,377.25515379010506,0.20031534151290942,0.09861196935859282,0.4012623604543353
0.08,-369.31636609809135,369.31636609809135,0.19098300562505266,0.0987097856757728,0.3647450843757889
0.0805,-361.28645511894257,361.28645511894257,0.18185028257497693,0.09880298563329781,0.3306952527259896
0.081,-353.16740211303795,353.16740211303795,0.17291942572543828,0.09889166960299124,0.29901127793215365
0.0815,-344.96121033521945,344.96121033521945,0.16419263863172995,0.09897593907092894,0.2695922258084986
0.08200000000000002,-336.6699045405157,336.6699045405157,0.1556720744979847,0.09905589661239898,0.242337947785061
0.0825,-328.29553048456717,328.29553048456717,0.14735983564590782,0.09913164586659277,0.21714921161588965
0.083,-319.8401544188629,319.8401544188629,0.13925797299605647,0.09920329151103364,0.1939278304297039
0.08349999999999999,-311.3058625809269,311.3058625809269,0.13136848556180913,0.09927093923574923,0.17257678998803255
0.084,-302.69476067956793,302.69476067956793,0.12369331995613642,0.099334695717194,0.15300037401771135
0.0845,-294.0089733753307,294.0089733753307,0.11623436991130653,0.09939466859192855,0.1351042874867844
0.085,-285.25064375626357,285.25064375626357,0.10899347581163199,0.09945096643006174,0.11879577769500807
0.0855,-276.4219328091471,276.4219328091471,0.10197242423938446,0.09950369870846278,0.10398375305257003
0.086,-267.52501888630013,267.52501888630013,0.09517294753398076,0.09955297578374935,0.09057889942305855
0.08650000000000001,-258.562097168105,258.562097168105,0.08859672336455471,0.09959890886505879,0.07849379390935433
0.08700000000000001,-249.53537912138185,249.53537912138185,0.08224537431601886,0.09964160998660897,0.06764301596382054
0.0875,-240.44709195373855,240.44709195373855,0.07612046748871326,0.0996811919800554,0.05794325570700253
0.08800000000000001,-231.2994780640427,231.2994780640427,0.07022351411174865,0.09971776844665188,0.049313419342029624
0.0885,-222.0947944891432,222.0947944891432,0.06455596917013295,0.09975145372922087,0.04167473155495156
0.08900000000000001,-212.83531234697847,212.83531234697847,0.059119231045774545,0.09978236288394127,0.034950834794436725
0.08950000000000001,-203.52331627621552,203.52331627621552,0.05391464117245459,0.09981061165196002,0.029067885327545357
0.09,-194.16110387254668,194.16110387254668,0.04894348370484647,0.09983631643083465,0.023954645971665717
0.09050000000000001,-184.750985121792,184.750985121792,0.04420698520166988,0.09985959424581396,0.0195425754062066
0.091,-175.29528182994687,175.29528182994687,0.039706314323057046,0.0998805627209637,0.01576591397121405
0.0915,-165.79632705030977,165.79632705030977,0.035442581542202034,0.09989934005014477,0.012561765863756402
0.09200000000000001,-156.2564645078362,156.2564645078362,0.03141683887136881,0.09991604496785046,0.009870177646695505
0.0925,-146.67804802086178,146.67804802086178,0.027630079602323443,0.09993079671991069,0.0076342129883073
0.09300000000000001,-137.06344092032842,137.06344092032842,0.024083238061252565,0.09994371503406967,0.005800023555149642
0.0935,-127.4150154666728,127.4150154666728,0.02077718937823425,0.09995492009044503,0.0043169159845901015
0.094,-117.73515226450232,117.73515226450232,0.01771274927131139,0.09996453249187512,0.0031374148674834217
0.09450000000000001,-108.02623967521919,108.02623967521919,0.014890673845226132,0.09997267323416205,0.0022173216756490163
0.095,-98.29067322772806,98.29067322772806,0.01231165940486234,0.09997946367621782,0.001515769573013353
0.0955,-88.53085502737235,88.53085502737235,0.009976342283442463,0.09998502551012078,0.0009952740535640197
0.09600000000000002,-78.74919316325428,78.74919316325428,0.007885298685522124,0.09998948073109003,0.0006217793535989694
0.0965,-68.94810111407291,68.94810111407291,0.006039044544820293,0.09999295160738474,0.0003647005901432374
0.09700000000000002,-59.129997152634225,59.129997152634225,0.004438035396920004,0.0999955606501365,0.00019696158184314897
0.0975,-49.29730374917955,49.29730374917955,0.003082666266872036,0.09999743058312137,9.502831312910775e-05
0.098,-39.45244697367559,39.45244697367559,0.001973271571728441,0.0999986843124797,3.8938006957916325e-05
0.09850000000000002,-29.59785589722024,29.59785589722024,0.0011101250380299854,0.09999944489639087,1.2323776000610765e-05
0.099,-19.73596199270531,19.73596199270531,0.0004934396342684,0.09999983551471055,2.434826726669323e-06
0.0995,-9.869198534883942,9.869198534883942,0.00012336751833941229,0.09999997943857784,1.5219544581225229e-07
0.1,-7.694682774887159e-14,7.694682774887159e-14,0.0,0.1,0.0
