time_s,angle_deg,omega_rad_per_s,alpha_rad_per_s2,actuator_length_m,moment_arm_m,actuator_force_N,quasistatic_force_N,pivot_load_on_mount_x_N,pivot_load_on_mount_y_N,fixed_anchor_load_on_mount_x_N,fixed_anchor_load_on_mount_y_N,center_acceleration_x_m_per_s2,center_acceleration_y_m_per_s2
0.0,10.0,0.0,0.0,0.17363948436500254,0.03322381600911348,130.8529346683074,130.8529346683074,-119.88743583813269,27.910610413782234,119.88743583813269,-52.435610413782236,-0.0,0.0
0.006,10.0000868450625,0.0007559648218087376,0.2507220012028979,0.1736394340065513,0.0332238699481443,131.6450636456721,130.85268725582367,-120.59361501543145,28.116870319161638,120.6132072754804,-52.75298108159443,-0.007836904019583426,0.04444430497311486
0.012,10.000689542,0.002993545099789374,0.4938845450830953,0.17363908452116786,0.03322424427936604,132.41181470077734,130.8509702524378,-121.27726561368267,28.31599694545339,121.3158651871232,-53.059867378770775,-0.015439829376209005,0.08754817332695278
0.018,10.0023096626875,0.0066676131644700315,0.7295639897953671,0.17363814504358227,0.03322525051896691,133.15195733971092,130.84635489181414,-121.93737678373381,28.507153352520273,121.9944188743562,-53.35546370245807,-0.022816836248957494,0.1293241399751159
0.024,10.005433344,0.011733499495307479,0.957836693494488,0.1736363335990902,0.03322719057507908,133.86428067902256,130.83745683155732,-122.57294589223152,28.689515259487667,122.64789412492301,-53.63897564676084,-0.02997929307659798,0.16978415490926876
0.03,10.0105314453125,0.01814699272068714,1.1787790143352326,0.17363337694754818,0.03323035682233418,134.54759666478557,130.8229361934297,-123.1829820407958,28.86227302480263,123.27533576663019,-53.90962214572092,-0.03694149033375561,0.20893964836731274
0.036,10.018059705999999,0.02586433961792307,1.3924673104723757,0.1736290104062466,0.033235032168802886,135.20074331939225,130.8014977625655,-123.76650954796389,29.02463367234218,123.87581022922967,-54.16663764872311,-0.043720272506310595,0.24680159055236997
0.042,10.0284589029375,0.034842245113258,1.5989779400606925,0.17362297765432694,0.033241490116255226,135.82258800275386,130.7718913246205,-124.32257138608031,29.175822953752704,124.44840810544248,-54.4092743177765,-0.05033468774486764,0.2833805456095185
0.048,10.042155008,0.045037872281863275,1.7983872612549572,0.17361503052128519,0.03324999481462247,136.41203067308402,130.73291212029773,-124.85023256401698,29.315087436005417,124.99224670077706,-54.636804235300005,-0.056805654704031844,0.3186867197178357
0.05399999999999999,10.0595593455625,0.056408842347838925,1.9907716322099442,0.17360492876198358,0.03326080111148544,136.96800713110798,130.68340139712694,-125.34858344545013,29.44169660209859,125.50647256070027,-54.848521610317206,-0.0631556461000591,0.3527300032874454
0.06,10.08106875,0.0689132346842136,2.1762074110804295,0.17359243982047504,0.0332741545973599,137.489492230383,130.62224703877789,-125.81674299141513,29.55494495193498,125.99026396276648,-55.043744970350424,-0.06940838854053784,0.3855200073661752
0.066,10.1070657231875,0.08250958681294464,2.354770956021187,0.17357733858483065,0.033290291647495564,137.97550303544966,130.54838425258296,-126.25386191501495,29.65415408965838,126.44283336050863,-55.22181932580661,-0.07558857819747374,0.4170660944592901
0.072,10.137918592,0.09715689440491794,2.526538625186991,0.17355940713504997,0.03330943946085373,138.4251019087752,130.46079629635543,-126.65912573548219,29.73867478315263,126.86342976525692,-55.38211829327697,-0.08172161190989018,0.4473774040497338
0.078,10.1739816658125,0.11281461127994817,2.691586776732618,0.1735384344860247,0.033331816096877756,138.83739950691447,130.3585152260367,-127.031757718302,29.807888980996818,127.25134105158759,-55.524046163937875,-0.08783333331423399,0.47646287317642255
0.084,10.215595394000001,0.12944264940677858,2.8499917688128407,0.17351421632742106,0.03335763051062292,139.21155766600882,130.24062264620727,-127.37102168779525,29.861211771934347,127.60589617182251,-55.64703990314803,-0.09394979361090398,0.5043312524854723
0.09,10.263086523437499,0.14700137890308101,3.0018299595824347,0.1734865547622421,0.033387082586765655,139.54679215668412,130.10625044606772,-127.67622469845182,29.898093271857245,127.92646726491058,-55.75057106739412,-0.10009702658350492,0.5309911182147485
0.096,10.316768256,0.16545162803545607,3.1471777071961746,0.17345525804572895,0.03342036317296888,139.84237528859464,129.954581504149,-127.94671955138897,29.91802042342852,128.21247164512485,-55.834147624945466,-0.10630083749435379,0.5564508806067776
0.102,10.3769404060625,0.18475468321943292,3.286111369808836,0.1734201403261612,0.03345765411303848,140.09763834530187,129.78485034575516,-128.18190714259748,29.92051869376836,128.46337365631172,-55.89731566694269,-0.11258660548569728,0.5807187892697286
0.10799999999999998,10.443889557999999,0.2048722890194695,3.418707305575192,0.17338102138901937,0.03349912828026753,140.31197383086908,129.5963437379857,-128.38123863012336,29.905153656108805,128.67868637792677,-55.93966099616317,-0.1189790991213644,0.6038029360217463
0.114,10.517889223687499,0.2257666481489522,3.5450418726500192,0.1733377264058749,0.03354494961132819,140.48483751049417,129.38840120812606,-128.54421740801445,29.871532441974,128.85797316978565,-55.96081058137696,-0.12550230470848078,0.6257112557611848
0.12,10.5992,0.24740042147019625,3.6651914291880914,0.17329008568928092,0.0335952731410381,140.61575022868425,129.16041547224066,-128.6704008757288,29.819305051261335,129.00084904333795,-55.960433866024,-0.13217926704366384,0.6464515259050638
0.126,10.6880697263125,0.26973672799444537,3.7792323333441837,0.1732379344548443,0.03365024503829616,140.7042994898885,128.9118327619484,-128.75940199275118,29.74816550857376,129.10698184833376,-55.93824392090142,-0.13903194223303325,0.6660313649310631
0.132,10.784733641999999,0.2927391448818721,3.887240943273071,0.17318111259156843,0.03371000264345454,140.7501407881291,128.6421530385961,-128.81089060937632,29.657852855274587,129.17609326497777,-55.89399843163789,-0.14608106224058207,0.684458230545321
0.13799999999999998,10.8894145439375,0.3163717074415773,3.989293617129526,0.17311946444146864,0.03377467450736707,140.75299867398996,128.35093008537237,-128.82459456598298,29.5481519679882,129.20795959304576,-55.82750051293782,-0.15334601082510976,0.7017394179798467
0.144,11.002322944,0.34059890913159097,4.085466713068325,0.17305283858937442,0.03384438043233038,140.71266754931423,128.03777146930238,-128.80030055461918,29.418894195638966,129.2024123309495,-55.73859934288937,-0.16084471053212557,0.7178820589001622
0.15,11.1236572265625,0.3653857015588715,4.175836589244245,0.17298108766374876,0.03391923151511264,140.62901218209808,127.70233836652861,-128.737854738328,29.269957808587417,129.15933853936286,-55.62719061202848,-0.1685935204139488,0.7328931213764233
0.156,11.253603806,0.3906974944793057,4.260479603812058,0.1729040681492692,0.03399933019224517,140.5019679363216,127.34434524579278,-128.63716312534382,29.10126825496923,129.0786809857406,-55.49321678332005,-0.17660714415870848,0.746779411340327
0.162,11.3923372841875,0.4165001557977096,4.33947211492654,0.17282164021183694,0.03408477028773478,140.3315407137999,126.96355940658108,-128.49819169705253,28.912798220948172,128.9604380678452,-55.33666716073844,-0.18489854831706462,0.7595475759161074
0.168,11.540020608,0.4427600115678272,4.412890480742462,0.17273366753659797,0.03417563706333954,140.1178066075302,126.55980036995223,-128.32096629041567,28.704567493236087,128.8046635162262,-55.15757776567946,-0.19347889032421448,0.7712041089773505
0.174,11.6968052268125,0.46944384599233147,4.480811059414604,0.1726400171794838,0.03427200727153676,139.86091126842658,126.13293912162804,-128.10557223737933,28.476642623892108,128.61146587743949,-54.95603102199888,-0.20235745602405597,0.7817553592427098
0.18,11.86283125,0.49651890142282434,4.543310209097739,0.17254055943270288,0.03437394921130045,139.56106898973604,125.68289720846069,-127.8521537655974,28.229136399064178,128.3810077816278,-54.73215525202241,-0.21154160641216238,0.7912075411832915
0.18599999999999997,12.038227604437498,0.5239528783598357,4.60046428794664,0.17243516770454023,0.03448152278679495,139.2185615157841,125.20964569088945,-127.56091316657064,27.962207114959735,128.11350499988163,-54.48612398739208,-0.2210367333243923,0.7995667489729368
0.192,12.223112192,0.5517139354528252,4.652349654116084,0.17232371841374977,0.034594779569082953,138.83373658397343,124.71320395543913,-127.23210973901402,27.67605766590557,127.80922529853498,-54.218155100081106,-0.23084622380838501,0.8068389736702126
0.198,12.4175920470625,0.5797706895001796,4.699042665760846,0.1722060908987553,0.03471376286093822,138.40700621112555,124.19363839267773,-126.86605851688633,27.370934450861366,127.46848709920067,-53.92850976030638,-0.24097143292574075,0.8130301237780048
0.204,12.621763494,0.6080922154492154,4.740619681035698,0.17208216734180584,0.03483850776484747,137.93884473727908,123.65106094732583,-126.46312879303316,27.047126106166306,127.09165795489122,-53.61749122937512,-0.2514116647432237,0.8181460492835245
0.21,12.8357123046875,0.6366480463961777,4.777157058095416,0.17195183270816689,0.034969041254280304,137.42978664192137,123.0856275483797,-126.02374245078133,26.704962073609085,126.67915285398554,-53.28544349670554,-0.2621641612816863,0.8221925692385798
0.21599999999999997,13.059513856,0.6654081735862397,4.808731155094776,0.17181497470036408,0.0351053822483019,136.88042414930004,122.4975364281622,-125.54837211706332,26.344811014101314,126.23143236506695,-52.932749771344845,-0.27322409920144913,0.8251755028974127
0.222,13.2932332873125,0.6943430464135039,4.835418330188552,0.17167148372743296,0.03524754168959962,136.29140464092708,121.88702634013883,-125.03753915173434,25.9670790782917,125.7490006367654,-52.55983083926062,-0.28458459401242475,0.8271007043875672
0.228,13.536925658,0.7234235724210006,4.857294941531519,0.17152125288907083,0.03539552262599212,135.66342789462797,121.25437468612165,-124.49181148865077,25.572208046372683,125.23240326766623,-52.167143298493414,-0.2962367116061815,0.8279741008482927
0.23399999999999999,13.7906361049375,0.7526211173006901,4.874437347278451,0.17136417797452658,0.03554932029548669,134.99724317049723,120.59989556412913,-123.91180134481264,25.160673350095454,124.6822250621008,-51.755177684923545,-0.30816948691526025,0.8278017339312345
0.24,14.054400000000001,0.7819075048934597,4.8869219055841215,0.17120015747600983,0.0357089222149496,134.2936461648832,119.92393774866247,-123.29816281441211,24.732981990617038,124.09908768819271,-51.32445650191639,-0.32036994951223824,0.8265898045197378
0.24599999999999997,14.3282431075625,0.8112550171891264,4.894824974603309,0.17102909261634727,0.03587430827245196,133.55347585404832,119.22688261551004,-122.65158936499016,24.289670366254835,123.483647254908,-50.875532167470425,-0.3328231559671388,0.8243447204862343
0.252,14.612181742,0.840636394326436,4.898222912490786,0.17085088739056215,0.036045450823352934,132.7776112494234,118.50914202338942,-121.9728112530709,23.831302024516294,122.83659182503763,-50.408984892696466,-0.3455122287866929,0.8210731472720695
0.2535898384862246,14.689110867544647,0.8484239419416881,4.898377912669568,0.17080245927872956,0.036091759466965495,132.56616100519506,118.31554844359171,-121.78765205109457,23.707397275723313,122.65993127475309,-50.282485055217265,-0.34891168946341167,0.8200351117975804
0.258,14.906222925187498,0.8700248345930623,4.897192077401328,0.17066544862100455,0.036222314790180794,131.9669680864146,117.77115616479408,-121.26259287663386,23.358465352911377,122.15863888104028,-49.92542050551369,-0.35841840176256456,0.8167820610409263
0.264,15.210364544000003,0.8993939944256076,4.891808827489706,0.17047268602561247,0.036404857766371305,131.12249546852433,117.01339139832822,-120.52173008159397,22.871771223043343,121.45053276048858,-49.425468233357925,-0.371521071557846,0.8114788041258322
0.27,15.524595507812503,0.9287179884096041,4.8821495209107,0.1702725122988392,0.03659303012392208,130.24517248813711,116.23633807459935,-119.75104743910943,22.371850602320922,120.71304207751406,-48.909778458472964,-0.38479785536185057,0.805171142460816
0.27599999999999997,15.848895905999996,0.9579713892795105,4.868290515819083,0.1700648432047407,0.03678677512502012,129.3360048447031,115.44050836740149,-118.95139551002833,21.859352147347305,119.94695714613434,-48.37902045900142,-0.3982246544424035,0.7978673246616427
0.282,16.1832371654375,0.9871292279187172,4.850308170369628,0.16984959768167593,0.03698602903769847,128.3960214802494,114.6264341214735,-118.12364811213956,21.334939792632102,119.15308742069566,-47.8338801486219,-0.41177572342243574,0.7895761423959181
0.288,16.527582208,1.0161669933595403,4.828278842717111,0.1696266979580352,0.03719072125557654,127.42627125117673,113.79466472756623,-117.26869960512066,20.79929034775071,118.33225896787981,-47.275057826903826,-0.42542374510366016,0.7803069916612467
0.294,16.881885608062497,1.0450606327832257,4.80227889101631,0.16939606967837711,0.037400774421736484,126.42781965418236,112.94576503491598,-116.38746220719447,20.25309111545607,117.48531198383077,-46.70326595188405,-0.43913991065452,0.7700699345711924
0.3,17.24609375,1.073786551519949,4.772384673421994,0.16915764203932007,0.03761610455678592,125.40174562290657,112.08031331050857,-115.48086335653475,19.697037542543786,116.61309836896571,-46.11922694562533,-0.45289400497238314,0.7588757612326167
0.306,17.620144985687503,1.1023216130488123,4.7386725480889424,0.16891134793450466,0.03783662119115485,124.34913841055439,111.19889925374366,-114.54984312941303,19.13183091449503,115.7164793719661,-45.52367104270657,-0.4666544970212276,0.7467360512846134
0.312,18.003969792,1.1306431389978482,4.701218873171927,0.16865712410791453,0.03806222750167107,123.27109457232059,110.30212207428747,-113.5953517259776,18.558176104090013,114.7963233133172,-44.917334190736995,-0.4803886349358442,0.7336632346587908
0.31799999999999995,18.397490928312497,1.158728909144017,4.660100006825722,0.16839491131481674,0.03829282045245551,122.1687150599626,109.39058864004453,-112.61834703341307,17.976779383308017,113.85350339759297,-44.30095601109093,-0.4940625456719584,0.7196706511131662
0.324,18.800623594,1.1865571614132082,4.615392307205106,0.16812465448955974,0.03852829094017442,121.04310243934826,108.46491170129985,-111.61979227506362,17.388346306924436,112.88889562248553,-43.67527782714296,-0.507641338968766,0.7047726080874088
0.33,19.213275585937502,1.214106591880239,4.567172132464847,0.1678463029194454,0.03876852394368113,119.89535824027385,107.52570819619547,-110.6006537529341,16.79357967529273,111.9033767913748,-43.041040766357,-0.5210892153762815,0.6889844364257067
0.336,19.635347455999998,1.2413563547688566,4.515515840759728,0.1675598104238726,0.039013398678075246,118.7265804463177,106.57359764181719,-109.56189868981993,16.19317758287011,110.89782263503189,-42.39898394165785,-0.5343695780847848,0.6723225435150955
0.34199999999999997,20.066732668562498,1.268286062451736,4.460499790244519,0.16726513553793354,0.039262788753201106,117.53786113099216,105.60920061429644,-108.5044931761777,15.587831558125817,109.87310604687178,-41.749842716605094,-0.5474451482776321,0.6548044633917106
0.348,20.507317757999996,1.29487578545048,4.402200339073997,0.16696224169963067,0.039516562336602126,116.33028424498774,104.63313732047834,-107.42940022574284,14.978224799563446,108.83009543502286,-41.09434705800127,-0.5602780837120085,0.636448903375128
0.354,20.956982486187503,1.3211060524356224,4.340693845402935,0.1666510974398693,0.03977458232094036,115.10492355789258,103.64602626288931,-106.3375779428418,14.365030511709815,107.76965319337918,-40.43321997871389,-0.5728301002149527,0.6172757868016308
0.36,21.415599999999998,1.3469578502266237,4.276056667386107,0.16633167657437273,0.04003670649588435,113.86284075642118,102.6484829989544,-105.22997780334056,13.748910344074364,106.69263429275166,-39.76717607267681,-0.585062595764443,0.5973062914409791
0.366,21.8830369888125,1.3724126237918737,4.208365163178291,0.16600395839666035,0.04030278772446029,112.60508369991761,101.64111899467865,-104.10754305022967,13.130512935275757,105.59988499224885,-39.096920143270445,-0.5969367768076705,0.5765628831978755
0.37199999999999994,22.359153841999994,1.397452276248691,4.137695690934257,0.16566792787122364,0.04057267412385401,111.33268483271166,100.6245405723198,-102.97120720397216,12.510472563769188,104.49224167009982,-38.42314592556631,-0.608413786451061,0.5550693447188482
0.37799999999999995,22.843804806437493,1.4220591688633222,4.064124608808785,0.16532357582603546,0.040846209250642654,110.04665975181386,99.59934795094685,-101.82189268694081,11.88940790589383,103.37052977228929,-37.7465349022628,-0.6194548341393873,0.5328507985475869
0.384,23.336838144000005,1.4462161210509428,3.987728274956642,0.1649708991435261,0.041123232290426526,108.74800592743605,98.56613437820174,-100.66050956054646,11.26792090129825,102.23556287660804,-37.0677552125401,-0.6300213264246363,0.5099337244967385
0.39,23.838096289062495,1.4699064103756583,3.908583047532611,0.16460990094916517,0.04140357825182206,107.43770157292973,97.52548535106577,-99.48795437301528,10.646595725194626,101.08814186903884,-36.38746065252405,-0.6400749984094224,0.48634597093176724
0.396,24.347416006,1.4931137725505002,3.8267652846914677,0.16424059079679182,0.04168707816476782,106.11670465993483,96.47797792297206,-98.30510911520514,10.025997866339889,99.92905422879231,-35.706289765571,-0.649578045434865,0.46211675969244487
0.40199999999999997,24.864628546687495,1.5158224014374306,3.74235134458798,0.16386298484984574,0.041973559283085146,104.78595207383994,95.42418009420965,-97.11284028136397,9.406673309146658,98.75907341778709,-35.024865020171276,-0.658493254569246,0.4372766844098462
0.408,25.389559807999998,1.5380169490473405,3.6554175853769246,0.16347710605765997,0.04226284529122572,103.446358904056,94.36465028222162,-95.91199803131997,8.789147817884132,97.578958369924,-34.343792072911896,-0.6667841354416109,0.4118577020111057
0.414,25.9220304893125,1.5596825255400484,3.566040365213079,0.16308298432599025,0.04255475651512729,102.09881786311118,93.29993686812135,-94.70341545025764,8.17392632054263,96.38945307514267,-33.66365911364389,-0.6744150499540132,0.3858931172405015
0.42,26.461856249999993,1.5808046992243017,3.4742960422512135,0.16268065668097056,0.04284911013708888,100.7441988281683,92.23057781552053,-93.48790790196557,7.561492389599206,95.19128625295942,-32.9850362897579,-0.6813513403975406,0.3594175600634768
0.426,27.008847866937494,1.6013694965577767,3.380260974646102,0.16227016742570127,0.04314572041456592,99.38334849825198,91.15710035759008,-92.2662724712407,6.952307816635205,93.98517110996762,-32.30847520628461,-0.6875594554907695,0.3324669558597621
0.43199999999999994,27.562811391999997,1.621363402147078,3.284011520552528,0.16185156828869687,0.04344439890277495,98.01709016024434,90.08002074815056,-91.03928749099825,6.3468122775182,92.77180517563593,-31.634508498399626,-0.6930070738550724,0.3050784883525699
0.43799999999999994,28.123548309562498,1.6407733587477393,3.185624038125264,0.16142491856344066,0.0437449546809866,96.64622355655438,88.99984407250986,-89.80771214955189,5.745423084663933,91.5518702106504,-30.963649472820624,-0.6976632244394069,0.2772905552626753
0.444,28.690855693999996,1.6595867672642233,3.085174885519076,0.16099028523831882,0.044047194582375104,95.27152484729044,87.9170641137316,-88.5722861735035,5.148535022739825,90.32603218202347,-30.29639181453692,-0.7014984034079901,0.24914271671883695
0.45,29.2645263671875,1.6777914867499202,2.9827404208887467,0.16054774311623238,0.04435092342728067,93.89374665975284,86.8321632700218,-87.33372958169667,4.556520264053141,89.09494129921602,-29.63320935530093,-0.7044846870077397,0.22067563649911484
0.456,29.844349056000006,1.6953758344071492,2.878397002389048,0.16009737492321197,0.044655944259731316,92.51361821811217,85.74561251896074,-86.09274250574916,3.969728359783261,87.85923210559568,-28.97455590033574,-0.7065958399386109,0.19193101622099065
0.46199999999999997,30.4301085498125,1.7123285855871593,2.772220988174758,0.15963927140539333,0.04496205858705847,91.13184554624385,84.65787142437986,-84.85000507277356,3.3884863031635355,86.6195236196714,-28.320865109767315,-0.7078074187591368,0.1629515226415102
0.46799999999999997,31.02158585799999,1.7286389737901275,2.6642887364006427,0.15917353141373966,0.0452690666224311,89.74911173683759,83.56938818178092,-83.60617734602134,2.8130986606919777,85.37641952070015,-27.672550431370972,-0.708096869871526,0.13378070827159644
0.474,31.6185583674375,1.7442966906651576,2.5546766052214855,0.15870026197593462,0.04557676753012112,88.36607728009537,82.48059969832131,-82.36189931933687,2.243847767447182,84.13050837345122,-27.030005081324738,-0.7074436216457414,0.10446292555102137
0.48,32.220800000000004,1.7592918860102844,2.443460952792059,0.15821957835490227,0.04588495967330271,86.98338044555695,81.39193170353174,-81.11779096147875,1.6809939826039546,82.88236388712866,-26.393602069783658,-0.7058291702599685,0.07504323487188079
0.486,32.8280813700625,1.7736151677724716,2.3307181372671355,0.15773160409344894,0.04619344086417758,85.60163771085054,80.30379888709601,-79.87445230655415,1.1247760012791268,81.63254520369374,-25.76369426822571,-0.7032371588558357,0.04556730677863277
0.49199999999999994,33.440169942,1.7872576020476088,2.2165245168014986,0.15723647104456048,0.04650200861620718,84.22144423144722,79.2166050601981,-78.63246358701021,0.5754112188891227,80.38159721108667,-25.140614515667618,-0.6996534496305862,0.016081318711397907
0.498,34.0568301876875,1.8002107130805165,2.100956449549913,0.15673431938692864,0.04681046039822278,82.8433743457987,78.1307433371296,-77.39238540583312,0.03309614426473928,79.13005087712071,-24.52467576100502,-0.6950661885150353,-0.01336815330388823
0.504,34.67782374400001,1.8124664832649449,1.9840902936671532,0.15622529762532192,0.047118593890173685,81.46798211055334,77.04659633404576,-76.15475894481618,-0.5019931421569659,77.87842360010495,-23.916171238892993,-0.6894658621155066,-0.042734247580017946
0.51,35.3029095703125,1.8240173531435702,1.8660024073080028,0.1557095625754583,0.04742620724026424,80.095801860869,75.9645363819589,-74.92010620596714,-1.0297004886617174,76.62721957254175,-23.31537467674625,-0.682845346629841,-0.07196993383681513
0.516,35.93184410599999,1.8348562214079984,1.7467691486272277,0.15518727933308368,0.04773309932321886,78.72734879117449,74.88492575126428,-73.68893028333476,-1.5498891346159311,75.37693015453954,-22.722540530603368,-0.6751999484819132,-0.1010281339122812
0.5219999999999999,36.56438142793749,1.844976444898763,1.626466875779606,0.15465862122700166,0.04803906999940553,77.36311955206348,73.80811688529721,-72.4617156627369,-2.062441138267527,74.12803425387604,-22.137904247761274,-0.6665274364556544,-0.12986184558848127
0.528,37.200273408,1.8543718386053285,1.505171946919911,0.1541237697558489,0.048343920374537365,76.003592859337,72.73445264062542,-71.2389285470668,-2.5672567733058997,72.88099870993716,-21.56168255424427,-0.6568280651481395,-0.15842426897993203
0.534,37.83926987056251,1.8630366756660879,1.3829607202029188,0.15358291450845638,0.04864745305966192,74.649230111541,71.66426653198386,-70.02101720504129,-3.0642538973964193,71.63627867904552,-20.994073765325492,-0.6461045896016894,-0.1866689349112363
0.54,38.48111875,1.8709656873683596,1.2599095537834046,0.15303625306768334,0.04894947243113802,73.3004760126663,70.59788297995561,-68.80841234142929,-3.5533672958030778,70.39431801897142,-20.435258117464112,-0.6343622710168502,-0.21454983469312536
0.546,39.1255662481875,1.8781540631483933,1.136094805816143,0.1524839908976609,0.04924978489028987,71.95775919699373,69.53561755969666,-67.60152748696176,-4.034548003110267,69.15554967069005,-19.885398120159852,-0.6216088734913181,-0.24202155069195322
0.5519999999999999,39.772356992000006,1.884597450591366,1.0115928344559153,0.1519263412144279,0.04954819912241781,70.62149285337027,68.47777724918772,-66.40075940627393,-4.507762605951687,67.92039603570909,-19.344638926355305,-0.6078546517740607,-0.2690393870772035
0.5579999999999999,40.421234190812505,1.8902919554313864,0.8864799978574824,0.1513635248399936,0.049844526354835245,69.29207534649393,67.4246606756751,-65.20648852236666,-4.9729925295524495,66.68926934753864,-18.81310872013545,-0.5931123300687958,-0.29555950012484156
0.564,41.07193979399999,1.89523414155149,0.7608326541756254,0.15079577003990777,0.05013858061359066,67.96989083306427,66.37655835913327,-64.01907935619487,-5.43023331078869,65.46257203611057,-18.29091912058296,-0.5773970719662833,-0.3215390274513416
0.57,41.72421464843749,1.8994210309836377,0.6347271615651268,0.15022331234446917,0.05043017897852359,66.65530987091867,65.33375295174294,-62.83888098009874,-5.879493860368974,64.24069708417437,-17.778165600745712,-0.560726441630252,-0.34693621555412674
0.576,42.377798655999996,1.9028501039087242,0.5082398781807431,0.14964639435375252,0.050719141836292045,65.34869001952522,64.29651947253082,-61.66622748388528,-6.32079571664266,63.02402837490263,-17.27492792076028,-0.543120356406939,-0.37171054503882517
0.582,43.03243093106251,1.9055192986565685,0.38144716217727204,0.14906526552668092,0.05100529313099921,64.05037643043484,63.26512553645906,-60.50143845244673,-6.754172293443165,61.81294103012873,-16.78127057425126,-0.5246010310728001,-0.3958228529222305
0.588,43.68784995799999,1.9074270117059215,0.2544253717094748,0.14848018195442028,0.05128846061203492,62.760702426513554,62.23983157738484,-59.344819453866336,-7.179668124278042,60.60780173881293,-16.297243247191496,-0.5051929139786386,-0.419235451412186
0.594,44.3437937486875,1.9085720976844627,0.12725086493212184,0.14789140611841906,0.05156847607873727,61.47999006897629,61.22089106443188,-58.19666253701357,-7.597338105083672,59.40896907549095,-15.822881288462673,-0.4849226153909519,-0.44191224258146217
0.6,45.0,1.908953869368798,0.0,0.1472992066334633,0.05184517562146735,60.20855071142812,60.20855071142812,-57.0572467376694,-8.007246737669409,58.21679380860007,-15.358206191399924,-0.4638188283722671,-0.46381882837226707
0.606,45.656206251312504,1.9085720976844622,-0.12725086493212032,0.14670385797616375,0.05211839985867896,58.94668554028484,59.20305067916291,-55.92683859224714,-8.409467375885733,57.031619198700795,-14.903226085636891,-0.4419122425814621,-0.4849226153909514
0.612,46.31215004200002,1.907427011705921,-0.2544253717094688,0.1461056401993348,0.05238799416955274,57.6946861010983,58.20462477031004,-54.80569265819216,-8.804081476460446,55.85378128672262,-14.457936238592962,-0.41923545141218654,-0.5051929139786376
0.618,46.96756906893749,1.905519298656568,-0.381447162177269,0.1455048386327711,0.05265380892175222,56.45283481044445,57.21350061694164,-53.69405204014651,-9.19117785636018,54.68360917245209,-14.022319565957824,-0.39582285292223074,-0.5246010310727993
0.624,47.622201344000004,1.9028501039087224,-0.5082398781807476,0.14490174357096772,0.05291569969384684,55.22140545315169,56.22989986062872,-52.59214892096114,-9.570851958447408,53.521425283558195,-13.596347150535248,-0.3717105450388238,-0.5431203564069387
0.63,48.27578535156251,1.8994210309836372,-0.6347271615651268,0.14429664994837263,0.0531735274919344,54.000663664750945,55.25403832518601,-51.50020509662619,-9.943205127118539,52.367545635511505,-13.179978768805833,-0.3469362155541266,-0.5607264416302518
0.6359999999999999,48.92806020599999,1.8952341415514893,-0.7608326541756254,0.14368985700279832,0.05342715895998302,52.79086739911502,54.28612618216722,-50.418432514168344,-10.308343895525972,51.2222800827967,-12.773163424558323,-0.3215390274513415,-0.5773970719662829
0.642,49.5787658091875,1.8902919554313868,-0.8864799978574779,0.14308166792765645,0.053676466583400084,51.592267381329755,53.326368109260706,-49.347033811539575,-10.666379285904563,50.08593256185168,-12.37583988892345,-0.2955595001248424,-0.5931123300687955
0.648,50.22764300800001,1.8845974505913672,-1.0115928344559122,0.14247238951371702,0.053921328885323166,50.40510754589795,52.37496344176742,-48.286202858489325,-11.017426124443451,48.95880132618234,-11.987937246121398,-0.2690393870772043,-0.607854651774061
0.6539999999999999,50.8744337518125,1.878154063148393,-1.1360948058161446,0.14186233178112448,0.05416163061511588,49.22962546042189,51.432106317366454,-47.23612529737587,-11.361602372065846,47.841179174105754,-11.609375444205861,-0.2420215506919529,-0.6216088734913182
0.66,51.51888125000002,1.8709656873683569,-1.259909553783409,0.14125180760243614,0.0543972629285399,48.06605273494344,50.497985814389814,-46.19697908283368,-11.699028472402519,46.73335366956648,-11.240065850055359,-0.21454983469312336,-0.6343622710168494
0.6659999999999999,52.16073012943749,1.8630366756660874,-1.3829607202029188,0.1406411323174765,0.054628123559063026,46.91461541714113,49.57278608383641,-45.16893501917315,-12.029826718169875,45.63560735645124,-10.879911807825904,-0.18666893491123607,-0.646104589601689
0.672,52.79972659199999,1.8543718386053292,-1.505171946919911,0.14003062334082744,0.05485411697975293,45.7755343735905,48.65668647535391,-44.15215729434375,-12.354120637091135,44.54821796679358,-10.528809200038516,-0.15842426897993245,-0.6568280651481399
0.6779999999999999,53.435618572062495,1.8449764448987611,-1.6264668757795986,0.1394205997627981,0.05507515455519653,44.649025657293826,47.74986165741258,-43.14680400925082,-12.672034398427174,43.47145862322203,-10.186647010433697,-0.12986184558848182,-0.6665274364556526
0.6839999999999999,54.06815589399998,1.8348562214080002,-1.7467691486272277,0.1388113819447384,0.05529115468287695,43.535300861670315,46.852481731880275,-42.15302770117136,-12.983692241115557,42.40559803595207,-9.853307887679659,-0.10102813391228212,-0.6751999484819142
0.69,54.69709042968752,1.8240173531435702,-1.8660024073079937,0.13820329110957896,0.05550204292343297,42.43456746117723,45.96471234318873,-41.17097585997297,-13.289217924449101,41.35090069456501,-9.528668708976301,-0.07196993383681634,-0.68284534662984
0.696,55.322176255999985,1.8124664832649457,-1.9840902936671545,0.13759664892849457,0.055707752119220647,41.34702913870108,45.086714782257545,-40.20079143580058,-13.58873420216026,40.307627054750625,-9.212601142550973,-0.04273424758001815,-0.6894658621155072
0.7020000000000001,55.943169812312505,1.8002107130805178,-2.1009564495499173,0.13699177710459937,0.05590822250059423,40.27288609981882,44.21864608530927,-39.24261333685761,-13.882362320716137,39.276033720117326,-8.904972207996273,-0.01336815330388787,-0.6950661885150364
0.708,56.55983005800001,1.7872576020476074,-2.2165245168014955,0.13638899695459084,0.056103401779322014,39.21233537398468,43.36065912767791,-38.29657691587601,-14.170221542567363,38.256373619097516,-8.605644833356177,0.016081318711397907,-0.6996534496305851
0.714,57.17191862993748,1.7736151677724705,-2.330718137267144,0.13578862898926425,0.056293245228555285,38.165571102644655,42.512902712670765,-37.36281444383844,-14.452428695037312,37.248896176891854,-8.314478407823099,0.04556730677863413,-0.7032371588558359
0.72,57.779199999999975,1.7592918860102857,-2.4434609527920634,0.13519099249381997,0.05647771574877311,37.132784814225616,41.6755216555034,-36.441455569493044,-14.729097745481333,36.25384748231334,-8.031329328868745,0.07504323487188076,-0.7058291702599696
0.726,58.38144163256247,1.7442966906651571,-2.5546766052214913,0.13459640510888388,0.05665678391913389,36.11416568588359,40.84865686228211,-35.53262776318095,-15.000339403291997,35.27147044930339,-7.75605154259365,0.104462925551022,-0.7074436216457418
0.732,58.978414142,1.7286389737901264,-2.6642887364006382,0.13400518241315507,0.056830428033676744,35.109900791832075,40.03244540395943,-34.63645674348391,-15.266260749274682,34.30200497280492,-7.488497076046507,0.13378070827159597,-0.7080968698715251
0.738,59.56989145018746,1.7123285855871604,-2.772220988174759,0.13341763750858415,0.056998634121831225,34.12017533800436,39.22702058514092,-33.75306688519303,-15.526964892867152,33.345688078589255,-7.228516560235007,0.16295152264150942,-0.7078074187591376
0.7439999999999999,60.15565094399997,1.6953758344071514,-2.878397002389048,0.13283408060897195,0.057161395952714925,33.14517288273636,38.43251200756918,-32.88258160709982,-15.782550657628416,32.40275406654735,-6.975959742525056,0.19193101622098965,-0.7065958399386121
0.75,60.7354736328125,1.6777914867499202,-2.9827404208887467,0.13225481863286057,0.05731871502272262,32.18507554308894,37.649045628063156,-32.02512373811989,-16.033112295374114,31.473434646872104,-6.7306759871065385,0.2206756364991148,-0.7044846870077397
0.7559999999999999,61.30914430599997,1.6595867672642255,-3.085174885519076,0.13168015480156672,0.05747060052594086,31.240064186361536,36.876743810638,-31.180815860274297,-16.278739229289613,30.557959068477206,-6.492514762190411,0.24914271671883587,-0.7014984034079914
0.762,61.87645169043753,1.6407733587477382,-3.1856240381252587,0.1311103882431803,0.05761706930695762,30.310318606284305,36.11572537248302,-30.349780627079795,-16.5195158263055,29.656554238923107,-6.261326112595986,0.277290555262675,-0.6976632244394056
0.768,62.437188608000056,1.6213634021470757,-3.284011520552535,0.13054581360332349,0.05775814579567617,29.39601768331678,35.366105623429114,-29.532141055933177,-16.75552119897378,28.769444835051747,-6.036961116388542,0.3050784883525722,-0.6930070738550717
0.7739999999999999,62.991152133062485,1.601369496557779,-3.3802609746461028,0.1299867206634294,0.0578938619237898,28.497339528421197,34.62799639848903,-28.728020793115967,-16.986829037037566,27.89685340346656,-5.819272324235511,0.33246695585976144,-0.6875594554907709
0.78,63.538143749999946,1.5808046992243046,-3.4742960422512232,0.12943339396726286,0.05802425702262584,27.61446160963015,33.901506083015285,-27.93754435010035,-17.213507468838955,27.039000449941657,-5.608114180167188,0.3594175600634769,-0.6813513403975432
0.7859999999999999,64.0779695106875,1.5596825255400488,-3.566040365213073,0.12888611245636486,0.05814937770212524,26.747560860685,33.18673962998226,-27.160837309900547,-17.435618952661077,26.196104516799295,-5.403343422453893,0.3858931172405004,-0.674415049954013
0.792,64.610440192,1.5380169490473408,-3.65541758537692,0.1283451491150559,0.05826927771078903,25.896813770982003,32.48379856886477,-26.398026502283933,-17.6532201980504,25.36838224725617,-5.204819463345577,0.41185770201110483,-0.6667841354416107
0.7979999999999999,65.13537145331252,1.5158224014374333,-3.742351344587977,0.12781077062558463,0.0583840177764925,25.062396456039156,31.79278100555798,-25.64924014674202,-17.866362117111887,24.556048435717408,-5.012404746464998,0.437276684409845,-0.658493254569247
0.8039999999999999,65.65258399399998,1.4931137725505006,-3.8267652846914633,0.12728323703395825,0.058493665428144236,24.244484707679423,31.113781612763994,-24.914607962215108,-18.075089805713233,23.759316062984,-4.825965080699604,0.46211675969244387,-0.649578045434865
0.81,66.16190371093748,1.4699064103756574,-3.9085830475326215,0.12676280142693275,0.05859829479824919,23.443254023118886,30.44689161025201,-24.194261242667725,-18.279442554475423,22.9783963153383,-4.645369949501022,0.48634597093176885,-0.6400749984094231
0.816,66.66316185600003,1.4462161210509428,-3.987728274956641,0.12624970962058626,0.05869798640652166,22.658879612156916,29.7921987343939,-23.488332897729,-18.479453889362663,22.21349858648715,-4.470492794575749,0.5099337244967387,-0.6300213264246358
0.8220000000000001,67.1561951935625,1.4220591688633217,-4.0641246088087835,0.1257441998608353,0.05879282692478696,21.891536381682613,29.149787196375318,-22.79695745773654,-18.675151641616907,21.464830461367573,-4.30121127303463,0.5328507985475865,-0.6194548341393871
0.828,67.64084615800002,1.3974522762486914,-4.137695690934249,0.12524650253619188,0.058882908923507636,21.141398896745283,28.519737628489715,-22.12027104265871,-18.866558046709045,20.732597680861595,-4.137407487163305,0.5550693447188468,-0.6084137864510606
0.834,68.1169630111875,1.3724126237918755,-4.208365163178294,0.12475683990299553,0.058968330600370406,20.408641317484758,27.90212701794217,-21.45841129451832,-19.053689871900122,20.01700408652363,-3.9789681860807016,0.5765628831978753,-0.5969367768076717
0.84,68.58439999999997,1.346957850226625,-4.276056667386106,0.12427542582328469,0.05904919549147615,19.693437311275844,27.297028627610594,-20.811517273093386,-19.236558571922718,19.31825154449094,-3.825784938666176,0.5973062914409785,-0.5850625957644437
0.846,69.04301751381253,1.3211060524356217,-4.34069384540293,0.12380246551540709,0.0591256121657818,18.995959939519725,26.704511903250264,-20.179729314838845,-19.41517047220252,18.63653984783477,-3.6777542772601044,0.6172757868016302,-0.5728301002149517
0.852,69.49268224199997,1.2948757854504818,-4.402200339074008,0.12333815531739838,0.05919769390355314,18.316381518604597,26.124642366668258,-19.563188855144613,-19.589526978945074,17.97206659670679,-3.534777811774902,0.6364489033751292,-0.5602780837120104
0.858,69.93326733143749,1.2682860624517374,-4.4604997902445165,0.12288268246308863,0.059265558359698614,17.654873454661534,25.557481494446076,-18.962038214225664,-19.75962481531218,17.32502705574639,-3.3967623139937393,0.65480446339171,-0.5474451482776327
0.8639999999999999,70.36465254400002,1.2413563547688578,-4.515515840759735,0.12243622487083027,0.05932932721296516,17.011606051863982,25.003086581853225,-18.376420347130214,-19.925456282805026,16.695613988342473,-3.263619771983012,0.6723225435150966,-0.5343695780847855
0.87,70.78672441406249,1.2141065918802405,-4.567172132464848,0.12199895094466867,0.059389125802087966,16.38674829414788,24.461510591658396,-17.80647855854079,-20.08700954686107,16.08401746747652,-3.13526741469823,0.6889844364257067,-0.5210892153762823
0.8759999999999999,71.199376406,1.1865571614132082,-4.615392307205098,0.12157101938771223,0.05944508275009507,15.780467600375935,23.93280198762616,-17.252356183241933,-20.244268945554772,15.490424663023415,-3.0116277070233153,0.7047726080874075,-0.5076413389687655
0.882,71.6025090716875,1.1587289091440174,-4.660100006825721,0.12115257902739318,0.059497329578073015,15.192929553127124,23.417004552570962,-16.71419623332809,-20.397215320172464,14.915019605545176,-2.892628315647641,0.7196706511131659,-0.4940625456719584
0.888,71.996030208,1.130643138997848,-4.701218873171925,0.12074376865224438,0.05954600030980309,14.62429760145505,22.914157190929203,-16.19214101342235,-20.545826366309043,14.357982926775373,-2.7782020463513484,0.7336632346587905,-0.48038863493584416
0.8939999999999999,72.37985501431254,1.1023216130488116,-4.738672548088942,0.12034471685975939,0.05959123106877376,14.074732738135516,22.42429371590938,-15.686331705377794,-20.69007700400861,13.81949157716626,-2.6682867534383243,0.7467360512846136,-0.46665449702122697
0.9,72.75390625,1.073786551519949,-4.772384673421994,0.11995554191484382,0.05963315966916633,13.544393152103838,21.947442621381015,-15.196907924128864,-20.8299397653449,13.299718521047321,-2.5628252222241446,0.7588757612326167,-0.45289400497238325
0.9059999999999999,73.1181143919375,1.045060632783229,-4.802278891016316,0.11957635161831177,0.05967192520249416,13.03343385696459,21.48362683876631,-14.724007246548377,-20.965385197711843,12.798832410120394,-2.4617650256518555,0.7700699345711931,-0.4391399106545217
0.912,73.47241779200004,1.0161669933595385,-4.828278842717113,0.1192072431848326,0.05970766762165103,12.542006296646726,21.032863479308823,-14.267764715353028,-21.096382280969298,12.316997236199908,-2.3650583562715575,0.7803069916612475,-0.42542374510365905
0.9179999999999999,73.81676283456248,0.9871292279187185,-4.850308170369634,0.11884830312968643,0.05974052732418969,12.07025792945887,20.59516356219835,-13.82831232026991,-21.22289885646837,11.854371964280114,-2.272661834975542,0.7895761423959189,-0.41177572342243685
0.9239999999999999,74.15110409399999,0.9579713892795108,-4.8682905158190755,0.11849960716364664,0.05977064473670672,11.618331791983511,20.170531729138943,-13.405778458839752,-21.34490206586379,11.41111014718565,-2.1845362980302037,0.7978673246616411,-0.3982246544424035
0.93,74.47540449218752,0.9287179884096007,-4.882149520910703,0.1181612200952743,0.05979815990225334,11.186366044426574,19.7589659460551,-13.000287379381204,-21.462358797509626,10.987359523229161,-2.100646564085754,0.805171142460817,-0.3847978553618493
0.9359999999999999,74.78963545599993,0.8993939944256111,-4.8918088274897125,0.11783319573987767,0.059823212072723196,10.77449349920321,19.360457192727743,-12.611958608767644,-21.575236138133043,10.583261598453063,-2.0209611829723397,0.8114788041258325,-0.37152107155784847
0.9420000000000001,75.09377707481246,0.8700248345930625,-4.897192077401323,0.11751557683436807,0.05984593930818582,10.382841134697467,18.974989141250774,-12.240906367780633,-21.68350182738733,10.19895121517832,-1.945452168206258,0.8167820610409252,-0.3584184017625649
0.9464101615137753,75.31088913245534,0.8484239419416904,-4.898377912669567,0.11728877216899121,0.059861241362490214,10.10792980889477,18.69996146616992,-11.97925250191355,-21.760121258059385,9.9291647224196,-1.892599518282085,0.82003511179758,-0.3489116894634124
0.948,75.38781825800002,0.8406363943264384,-4.898222912490796,0.1172083949572275,0.05986647808513939,10.011529596277462,18.60253782428948,-11.88723897689631,-21.787124712803053,9.834556108716132,-1.8740947152302145,0.8210731472720711,-0.34551222878669385
0.954,75.67175689243753,0.8112550171891242,-4.894824974603308,0.11691167045279019,0.059884962915645754,9.660672686766334,18.243071294198206,-11.551058255422323,-21.886075202588707,9.490196454206737,-1.8068669074934522,0.8243447204862343,-0.33282315596713785
0.96,75.94560000000003,0.7819075048934585,-4.886921905584127,0.11662541235903782,0.05990152597928645,9.330376848677359,17.896549274130578,-11.232458916947794,-21.980325713676446,9.165984405648446,-1.7437494125429616,0.826589804519739,-0.32036994951223785
0.966,76.20936389506255,0.7526211173006873,-4.874437347278446,0.11634961833811192,0.059916296769838215,9.020740640603815,17.562922802333883,-10.931527964082209,-22.069851112370145,8.862023629254123,-1.6847251703417128,0.8278017339312341,-0.30816948691525853
0.972,76.46307434199996,0.7234235724210047,-4.85729494153153,0.11608427460875373,0.05992940175851176,8.731854210209459,17.24213387086656,-10.648344085442403,-22.154629144931157,8.578408833321669,-1.6297790760533846,0.8279741008482939,-0.29623671160618376
0.978,76.70676671268747,0.6943430464135066,-4.835418330188558,0.11582935587989812,0.059940964075527486,8.463798766298991,16.934115060011866,-10.382977057803505,-22.234640855433486,8.315225296834583,-1.5788976595354498,0.827100704387568,-0.2845845940124262
0.9839999999999999,76.94048614399999,0.6654081735862425,-4.808731155094787,0.11558482528467315,0.05995110321171615,8.216646052454019,16.638789169684888,-10.135487156256792,-22.309870988233882,8.072548399013256,-1.5320687637624948,0.8251755028974145,-0.27322409920145035
0.99,77.16428769531251,0.6366480463961743,-4.777157058095412,0.1153506343140796,0.05995993474173291,7.99045782469174,16.356068849129645,-9.905924575107225,-22.380308372438027,7.850443152010777,-1.4892812243577627,0.8221925692385791,-0.26216416128168535
0.996,77.37823650600004,0.6080922154492127,-4.740619681035683,0.11512672274966382,0.059967570070358855,7.785285335554298,16.085856226199493,-9.694328862110886,-22.44594628579618,7.648963738902082,-1.450524552345769,0.8181460492835222,-0.2514116647432221
1.002,77.58240795293747,0.5797706895001798,-4.699042665760847,0.11491301859453432,0.05997411620323541,7.601168826952937,15.82804253748661,-9.500728368483847,-22.506782795535443,7.468153059038835,-1.4157886221502078,0.8130301237780048,-0.24097143292574125
1.008,77.77688780800001,0.5517139354528239,-4.652349654116083,0.11470943800211651,0.05997967554323645,7.438137033978582,15.582507760526694,-9.325139716916379,-22.562821073728028,7.308042282740847,-1.385063366751013,0.8068389736702125,-0.23084622380838465
1.014,77.96177239556253,0.5239528783598316,-4.600464287946628,0.11451588520209163,0.05998434571352877,7.296206701753511,15.349120249253453,-9.167567289604154,-22.614069684905054,7.168650417171816,-1.3583384817839714,0.7995667489729351,-0.22103673332439072
1.02,78.13716874999997,0.4965189014228242,-4.54331020909773,0.11433225242301503,0.059988219408206915,7.175382117229201,15.127736373805075,-9.028002738053253,-22.66054284375427,7.049983885095028,-1.3356031402153252,0.7912075411832898,-0.21154160641216252
1.026,78.30319477318743,0.4694438459923314,-4.480811059414591,0.11415841981116882,0.05999138427121269,7.075654657647098,14.918200165707624,-8.906424516143424,-22.702260640883566,6.9520361180366566,-1.3168457190562959,0.7817553592427072,-0.20235745602405644
1.032,78.45997939199992,0.4427600115678297,-4.412890480742448,0.11399425534526156,0.059993922804065146,6.997002357163803,14.720342969365952,-8.802797437635872,-22.739249234790933,6.874787165192504,-1.3020535393985324,0.7712041089773476,-0.19347889032421536
1.038,78.6076627158126,0.4165001557977041,-4.339472114926526,0.11383961474664803,0.05999591230273394,6.9393894929077105,14.53398310068792,-8.71707225899573,-22.77154100835302,6.818203319205466,-1.2912126208543295,0.7595475759161053,-0.1848985483170621
1.0439999999999998,78.74639619399997,0.39069749447930635,-4.260479603812062,0.11369434138480691,0.05999742482378887,6.9027661914856875,14.358925513558672,-8.6491852880717,-22.799174688325063,6.782236759720882,-1.284307451278166,0.7467794113403273,-0.1766071441587092
1.05,78.87634277343737,0.3653857015588751,-4.175836589244245,0.11355826617787272,0.05999852717975327,6.887068056688994,14.194961474756207,-8.599058018828742,-22.82219542653563,6.766825215387685,-1.281320772429497,0.7328931213764229,-0.16859352041395098
1.056,78.99767705599996,0.3405989091315866,-4.085466713068301,0.11343120748808873,0.059999280963378664,6.892215818883371,14.041868247785,-8.566596791990786,-22.84065484165164,6.771891644740392,-1.28223338201805,0.717882058900158,-0.16084471053212474
1.062,79.11058545606254,0.3163717074415728,-3.989293617129514,0.11331297101210205,0.0599997426003452,6.918115006280297,13.899408785967097,-8.551692481091147,-22.854611020588038,6.797343936141535,-1.2870239523491942,0.7017394179798448,-0.1533460108251085
1.068,79.21526635800006,0.29273914488187075,-3.8872409432730617,0.11320334966608586,0.0599999634296774,6.9646556380103295,13.76733143500566,-8.55422020308398,-22.864128478831166,6.843074626720682,-1.295668865567383,0.6844582305453195,-0.14608106224058093
1.0739999999999998,79.31193027368737,0.2697367279944515,-3.7792323333442055,0.11310212346573278,0.05999998981094887,7.0317119386433165,13.645369645110618,-8.574039052330056,-22.869278079136766,6.908960640002389,-1.3081420652806464,0.6660313649310664,-0.13903194223303614
1.08,79.40079999999999,0.24740042147019836,-3.665191429188098,0.11300905940121517,0.05999986325713488,7.119142073528922,13.53324169264741,-8.610991856438291,-22.87013690824885,6.994863041675629,-1.3244149241419934,0.6464515259050648,-0.13217926704366434
1.0859999999999999,79.48211077631258,0.22576664814895042,-3.5450418726500126,0.11292391130726497,0.05999962059175772,7.226787904077932,13.430650411158274,-8.664904952137102,-22.86678811145929,7.100626812734142,-1.3444561267695145,0.6257112557611838,-0.12550230470847962
1.092,79.55611044199995,0.20487228901947346,-3.4187073055751984,0.1128464197285634,0.0599992941287592,7.354474761855908,13.33728293148294,-8.73558797905067,-22.859320684990834,7.226080638996302,-1.3682315672057526,0.6038029360217472,-0.11897909912136553
1.0979999999999999,79.62305959393753,0.18475468321942753,-3.28611136980882,0.11277631178068157,0.05999891187332698,7.502011240148791,13.252810430614064,-8.822833689000444,-22.847829226328816,7.371036715826129,-1.3957042599569458,0.580718789269726,-0.11258660548569616
1.1039999999999999,79.6832317440001,0.16545162803545008,-3.1471777071961755,0.11271330100684762,0.05999849774169859,7.669189001461744,13.176887888827972,-8.926417768217735,-22.83241364275211,7.53529056670079,-1.4268342635120115,0.556450880606778,-0.1063008374943526
1.11,79.7369134765625,0.14700137890307996,-3.0018299595824294,0.11265708723084102,0.05999807179776863,7.855782599240368,13.109153854545896,-9.046098669652919,-22.813178818417253,7.718620874116049,-1.4615786151239887,0.5309911182147478,-0.10009702658350468
1.1159999999999999,79.78440460600008,0.12944264940677197,-2.849991768812843,0.1126073564063465,0.0599976505041323,8.061549311971874,13.049230216322252,-9.181617452417122,-22.79023424042516,7.920789321203439,-1.4998912755475842,0.5043312524854728,-0.093949793610903
1.122,79.8260183341874,0.1128146112799475,-2.691586776732617,0.11256378046311676,0.059997246985011486,8.286228987723831,12.996721981302821,-9.332697625283394,-22.76369358434883,8.141540442342338,-1.5417230823655859,0.4764628731764222,-0.08783333331423483
1.128,79.86208140799995,0.0971568944049185,-2.5265386251870012,0.11252601715029825,0.059996871298328903,8.529543897103595,12.951217059451048,-9.499044991104395,-22.733674259720942,8.380601480980056,-1.5870217105043336,0.44737740404973547,-0.0817216119098909
1.134,79.89293427681251,0.08250958681294536,-2.3547709560211962,0.11249370987729242,0.059996530714020856,8.791198592612647,12.912286052832151,-9.680347489011211,-22.700296915963346,8.637682252862982,-1.6357316385429697,0.4170660944592917,-0.07558857819747403
1.14,79.91893124999989,0.06891323468421531,-2.1762074110804277,0.11246648755250849,0.05999622999551069,9.070879772369112,12.879482049221222,-9.876275031290104,-22.66368490919575,8.912475012874667,-1.6877941194529045,0.38552000736617476,-0.06940838854053864
1.146,79.94044065443752,0.056408842347845926,-1.9907716322099682,0.11244396442036832,0.059995971681100255,9.368256146244043,12.852340419320246,-10.086479331955198,-22.623963730274102,9.204654323736573,-1.7431471544757486,0.3527300032874497,-0.06315564610005989
1.152,79.95784499200002,0.045037872281867085,-1.7983872612549832,0.1124257398969071,0.059995756361878795,9.682978302558872,12.830378616887703,-10.310593724205676,-22.581260394287867,9.513876924911076,-1.801725468952052,0.31868671971784024,-0.05680565470403262
1.158,79.97154109706251,0.034842245113264364,-1.5989779400606976,0.11241139840428947,0.05999558295259274,10.014678573630974,12.813095981109763,-10.548232964185857,-22.535702791586488,9.839781600162059,-1.8634604890513455,0.2833805456095194,-0.05033468774486784
1.164,79.981940294,0.025864339617924812,-1.3924673104723848,0.11240050920454733,0.059995448951767304,10.362970898662782,12.7999735405989,-10.798993018787849,-22.48741900020242,10.18198904240692,-1.9282803185318056,0.24680159055237152,-0.04372027250631095
1.17,79.98946855468745,0.018146992720683923,-1.1787790143352215,0.11239262623281034,0.05999535068721965,10.727450682699027,12.790473818449517,-11.062450835605706,-22.43653655929949,10.54010171468743,-1.996109714866123,0.20893964836731074,-0.03694149033375544
1.176,79.99456665599995,0.011733499495303976,-0.9578366934944813,0.1123872879302733,0.05999528354295182,11.107694650666444,12.784040637845893,-11.338164093608592,-22.383181702992793,10.913703706335422,-2.066870064315713,0.1697841549092676,-0.029979293076597916
1.182,79.99769033731235,0.006667613164481246,-0.7295639897953893,0.11238401707711368,0.059995242163256864,11.503260695842894,12.780098927782408,-11.625670933632579,-22.327478553563473,11.30236058369478,-2.140479355814134,0.12932413997511977,-0.022816836248958562
1.188,79.99931045800002,0.0029935450997881376,-0.49388454508309815,0.11238232062553592,0.05999522062971456,11.913687722474641,12.778054528520538,-11.92448966839838,-22.26954827272856,11.705619235080997,-2.2168521538309207,0.08754817332695328,-0.015439829376209068
1.194,79.99991315493766,0.0007559648218106352,-0.25072200120289334,0.11238168953309532,0.05999521260658599,12.338495482687737,12.77729399647805,-12.23411847246185,-22.209508169220307,12.123007710029064,-2.295899570730736,0.04444430497311408,-0.007836904019583167
1.2,80.0,0.0,0.0,0.11238159859641599,0.05999521144994228,12.777184408296668,12.777184408296668,-12.554035053275728,-22.147470760486062,12.554035053275728,-2.377529239513941,-0.0,0.0
