time_s,position_m,velocity_m_per_s,acceleration_m_per_s2
0.0,0.0,0.0,0.0
0.005,6.203218750000002e-07,0.000371259375,0.14775749999999999
0.01,4.925300000000001e-06,0.00147015,0.29106
0.015,1.6497590624999996e-05,0.0032745093750000003,0.42995249999999996
0.02,3.880960000000001e-05,0.0057624,0.56448
0.025,7.522460937500001e-05,0.008912109375000001,0.6946875
0.03,0.00012899789999999998,0.01270215,0.8206199999999999
0.035,0.00020327787812500004,0.017111259375000003,0.9423225000000001
0.04,0.0003011072000000001,0.0221184,1.0598400000000001
0.045,0.00042542389687499996,0.027702759375,1.1732174999999998
0.05,0.0005790625,0.03384375,1.2825
0.055,0.0007647551656249999,0.04052100937499999,1.3877324999999998
0.06,0.0009851327999999997,0.0477144,1.4889599999999998
0.065,0.0012427261843750003,0.055404009375,1.5862275000000001
0.07,0.0015399671000000004,0.06357015,1.67958
0.075,0.0018791894531249998,0.072193359375,1.7690625
0.08,0.0022626304000000004,0.0812544,1.85472
0.085,0.0026924314718750003,0.09073425937500003,1.9365975
0.09,0.0031706397,0.10061415,2.0147399999999998
0.095,0.003699208740625001,0.110875509375,2.0891925
0.1,0.004280000000000001,0.12150000000000002,2.1599999999999997
0.105,0.0049147837593749985,0.13246950937499996,2.2272075
0.11,0.005605240299999999,0.14376615,2.29086
0.115,0.0063529610281250004,0.15537225937500002,2.3510025000000003
0.12,0.0071594495999999985,0.16727039999999999,2.407679999999999
0.125,0.008026123046875,0.179443359375,2.4609375
0.13,0.008954312900000002,0.19187414999999997,2.5108200000000003
0.135,0.009945266315625001,0.20454600937500003,2.557372500000001
0.14,0.011000147200000003,0.21744240000000004,2.60064
0.145,0.012120037334374998,0.23054700937499997,2.6406674999999997
0.15,0.013305937499999998,0.24384375,2.6775
0.155,0.014558768603125001,0.25731675937500004,2.7111825
0.16,0.015879372800000006,0.27095040000000004,2.7417599999999998
0.165,0.017268514621875,0.28472925937500004,2.7692775000000003
0.17,0.0187268821,0.2986381500000001,2.79378
0.175,0.020255087890624995,0.312662109375,2.8153125
0.18,0.0218536704,0.3267864,2.8339199999999996
0.185,0.023523094909374997,0.34099650937500003,2.8496474999999997
0.19,0.025263754700000005,0.35527814999999996,2.86254
0.195,0.027075972178124998,0.36961725937500006,2.8726425
0.2,0.028960000000000003,0.38400000000000006,2.8799999999999994
0.205,0.030916022196874997,0.398412759375,2.8846575
0.21,0.03294415529999999,0.4128421499999999,2.8866600000000004
0.21132486540518713,0.03349364905389035,0.41666666666666663,2.88675134594813
0.215,0.035044449465624995,0.42727500937499996,2.886052500000001
0.22,0.0372168896,0.4416984,2.8828799999999997
0.225,0.03946139648437501,0.45609960937499994,2.8771875
0.23,0.0417778279,0.4704661500000001,2.8690200000000003
0.235,0.044165979753124994,0.484785759375,2.8584224999999996
0.24,0.04662558719999999,0.49904640000000006,2.845439999999999
0.245,0.04915632577187499,0.513236259375,2.8301175
0.25,0.0517578125,0.52734375,2.8125
0.255,0.05442960704062502,0.5413575093749999,2.7926325000000007
0.26,0.05717121280000001,0.5552663999999999,2.7705600000000006
0.265,0.059982078059375,0.5690595093750002,2.7463274999999996
0.27,0.06286159710000001,0.58272615,2.7199800000000005
0.275,0.06580911132812503,0.5962558593749999,2.691562499999999
0.28,0.06882391040000001,0.6096384,2.6611199999999995
0.285,0.07190523334687499,0.6228637593750002,2.6286974999999995
0.29,0.07505226969999998,0.63592215,2.59434
0.295,0.07826416061562501,0.6488040093749999,2.5580925000000003
0.3,0.08153999999999997,0.6615,2.52
0.305,0.084878835634375,0.674001009375,2.480107500000001
0.31,0.0882796703,0.68629815,2.4384599999999996
0.315,0.09174146290312499,0.6983827593749999,2.3951024999999984
0.32,0.09526312960000005,0.7102463999999999,2.350079999999999
0.325,0.09884354492187497,0.7218808593750001,2.3034374999999985
0.33,0.1024815429,0.7332781500000001,2.2552200000000004
0.335,0.10617591819062502,0.7444305093750001,2.2054724999999986
0.34,0.1099254272,0.7553304000000003,2.1542399999999997
0.345,0.113728789209375,0.765970509375,2.1015675000000016
0.35,0.11758468749999998,0.77634375,2.0475000000000008
0.355,0.12149177047812496,0.7864432593750001,1.9920824999999982
0.36,0.1254486528,0.7962624,1.9353599999999989
0.365,0.129453916496875,0.8057947593749999,1.877377500000001
0.37,0.1335061121,0.81503415,1.81818
0.375,0.137603759765625,0.823974609375,1.7578125
0.38,0.14174535040000005,0.8326103999999999,1.69632
0.385,0.145929346784375,0.8409360093749999,1.6337475000000015
0.39,0.15015418469999997,0.8489461500000003,1.5701399999999994
0.395,0.15441827405312503,0.8566357593750002,1.505542499999999
0.4,0.15872000000000003,0.8640000000000001,1.4399999999999986
0.405,0.163057724071875,0.8710342593750003,1.3735574999999973
0.41,0.16742978529999997,0.8777341500000001,1.30626
0.415,0.171834501340625,0.884095509375,1.238152499999999
0.42,0.17627016959999994,0.8901143999999996,1.1692800000000014
0.425,0.180735068359375,0.8957871093749998,1.0996875000000017
0.43,0.1852274579,0.9011101499999999,1.0294200000000018
0.435,0.189745581628125,0.9060802593750001,0.9585225000000017
0.44,0.19428766719999996,0.9106943999999999,0.8870399999999998
0.445,0.19885192764687504,0.914949759375,0.8150174999999997
0.45,0.20343656250000008,0.9188437499999995,0.7424999999999997
0.455,0.208039758915625,0.9223740093750004,0.6695324999999981
0.46,0.21265969279999997,0.9255384000000004,0.5961600000000002
0.465,0.21729452993437498,0.928335009375,0.5224275
0.47,0.22194242709999995,0.9307621500000002,0.44837999999999845
0.475,0.22660153320312493,0.9328183593750001,0.37406250000000085
0.48,0.23126999039999996,0.9345024000000004,0.2995199999999967
0.485,0.23594593522187501,0.9358132593750002,0.22479749999999932
0.49,0.24062749969999994,0.9367501499999997,0.14994000000000085
0.495,0.245312812490625,0.9373125093749999,0.07499249999999869
0.5,0.25,0.9375,0.0
0.505,0.254687187509375,0.9373125093749997,-0.0749924999999978
0.51,0.25937250030000014,0.9367501499999995,-0.1499399999999973
0.515,0.26405406477812493,0.9358132593749999,-0.22479749999999754
0.52,0.26873000960000004,0.9345023999999995,-0.29951999999999934
0.525,0.2733984667968751,0.9328183593749999,-0.37406250000000085
0.53,0.2780575729,0.930762150000001,-0.448380000000002
0.535,0.282705470065625,0.9283350093749998,-0.5224274999999974
0.54,0.2873403072000001,0.9255384000000002,-0.5961599999999994
0.545,0.2919602410843749,0.9223740093750006,-0.6695325000000008
0.55,0.29656343750000014,0.9188437499999991,-0.7425000000000015
0.555,0.301148072353125,0.9149497593750002,-0.8150175000000015
0.56,0.30571233279999993,0.9106944000000001,-0.8870400000000007
0.565,0.31025441837187495,0.906080259374999,-0.9585224999999973
0.57,0.3147725420999999,0.9011101500000012,-1.0294200000000018
0.575,0.31926493164062514,0.8957871093750001,-1.0996874999999964
0.58,0.3237298303999999,0.8901144000000003,-1.1692800000000005
0.585,0.32816549865937494,0.8840955093749998,-1.2381525
0.59,0.3325702147000001,0.8777341499999995,-1.3062599999999982
0.595,0.33694227592812487,0.8710342593749998,-1.3735575000000022
0.6,0.3412799999999998,0.8640000000000008,-1.4400000000000013
0.605,0.34558172594687486,0.856635759375,-1.5055425000000024
0.61,0.34984581530000003,0.8489461499999997,-1.5701399999999968
0.615,0.35407065321562475,0.8409360093750005,-1.633747500000002
0.62,0.3582546496000001,0.8326104000000005,-1.6963200000000036
0.625,0.362396240234375,0.823974609375,-1.7578125
0.63,0.3664938878999999,0.8150341499999993,-1.8181800000000035
0.635,0.3705460835031252,0.8057947593749994,-1.877377499999998
0.64,0.37455134720000044,0.7962623999999989,-1.9353600000000029
0.645,0.378508229521875,0.7864432593749999,-1.9920824999999986
0.65,0.38241531249999966,0.7763437500000014,-2.0475000000000065
0.655,0.3862712107906248,0.7659705093750016,-2.1015675000000016
0.66,0.3900745728,0.7553304000000001,-2.154239999999998
0.665,0.3938240818093752,0.7444305093749999,-2.205472499999999
0.67,0.39751845710000006,0.7332781499999999,-2.255220000000005
0.675,0.4011564550781249,0.7218808593749997,-2.3034375000000047
0.68,0.40473687039999967,0.7102464000000017,-2.350080000000002
0.685,0.4082585370968751,0.6983827593749998,-2.3951025
0.69,0.41172032970000016,0.6862981500000003,-2.4384599999999956
0.695,0.4151211643656249,0.6740010093750008,-2.4801075000000026
0.7,0.41845999999999983,0.6615000000000006,-2.5199999999999996
0.705,0.4217358393843752,0.6488040093749996,-2.558092499999997
0.71,0.42494773029999977,0.6359221500000007,-2.594340000000006
0.715,0.42809476665312496,0.6228637593750008,-2.6286974999999977
0.72,0.4311760896000002,0.6096384000000006,-2.661120000000004
0.725,0.43419088867187494,0.5962558593750007,-2.6915625
0.73,0.43713840290000006,0.58272615,-2.719979999999996
0.735,0.44001792194062506,0.5690595093750002,-2.7463274999999996
0.74,0.44282878719999996,0.5552663999999998,-2.7705599999999997
0.745,0.4455703929593753,0.5413575093749996,-2.7926325
0.75,0.4482421875,0.52734375,-2.8125
0.755,0.450843674228125,0.5132362593750015,-2.8301175000000036
0.76,0.45337441280000035,0.4990463999999992,-2.84544
0.765,0.4558340202468749,0.4847857593750007,-2.858422500000003
0.77,0.45822217209999994,0.47046615,-2.8690199999999955
0.775,0.46053860351562514,0.4560996093749985,-2.8771875000000016
0.78,0.46278311039999953,0.4416984000000017,-2.8828800000000037
0.785,0.46495555053437476,0.4272750093750002,-2.886052499999998
0.7886751345948128,0.4665063509461096,0.41666666666666785,-2.8867513459481273
0.79,0.46705584470000017,0.41284215000000124,-2.886660000000006
0.795,0.46908397780312516,0.39841275937499887,-2.8846574999999994
0.8,0.47104000000000024,0.38399999999999945,-2.8800000000000026
0.805,0.47292402782187537,0.3696172593749987,-2.8726424999999978
0.81,0.4747362452999997,0.35527815000000196,-2.8625400000000063
0.815,0.476476905090625,0.34099650937500225,-2.849647500000003
0.82,0.4781463295999999,0.32678640000000136,-2.833920000000006
0.825,0.47974491210937575,0.3126621093749993,-2.8153124999999974
0.83,0.4812731178999998,0.29863815000000127,-2.7937800000000053
0.835,0.4827314853781248,0.28472925937500104,-2.7692775000000083
0.84,0.4841206271999996,0.27095039999999937,-2.741759999999992
0.845,0.48544123139687523,0.25731675937499787,-2.7111824999999996
0.85,0.48669406250000025,0.24384374999999903,-2.677499999999995
0.855,0.48787996266562494,0.23054700937499817,-2.6406674999999993
0.86,0.48899985280000013,0.21744239999999948,-2.6006399999999985
0.865,0.490054733684375,0.20454600937500267,-2.5573724999999996
0.87,0.4910456871000002,0.1918741500000003,-2.5108199999999954
0.875,0.491973876953125,0.179443359375,-2.4609375
0.88,0.4928405503999995,0.1672703999999996,-2.407679999999999
0.885,0.49364703897187456,0.15537225937499954,-2.3510025
0.89,0.49439475970000046,0.14376614999999937,-2.290859999999995
0.895,0.49508521624062496,0.13246950937499768,-2.2272074999999845
0.9,0.4957200000000008,0.12149999999999572,-2.1599999999999966
0.905,0.49630079125937554,0.11087550937499913,-2.0891924999999887
0.91,0.4968293603,0.10061415000000196,-2.0147400000000104
0.915,0.4973075685281254,0.0907342593750009,-1.936597500000012
0.92,0.4977373695999998,0.08125440000000239,-1.8547200000000004
0.925,0.49812081054687507,0.07219335937500126,-1.769062500000004
0.93,0.49846003289999974,0.06357015000000033,-1.6795799999999943
0.935,0.4987572738156256,0.0554040093749979,-1.5862275000000068
0.94,0.49901486719999966,0.04771440000000027,-1.4889600000000058
0.945,0.4992352448343751,0.04052100937500036,-1.3877325000000056
0.95,0.49942093749999916,0.03384375000000084,-1.2824999999999989
0.955,0.49957457610312517,0.02770275937500344,-1.173217500000014
0.96,0.4996988928000001,0.02211840000000187,-1.0598400000000154
0.965,0.4997967221218751,0.01711125937500313,-0.9423225000000031
0.97,0.4998710020999999,0.012702150000000856,-0.8206200000000052
0.975,0.49992477539062463,0.008912109374998423,-0.6946874999999935
0.98,0.49996119039999964,0.00576239999999828,-0.5644799999999961
0.985,0.49998350240937395,0.0032745093750055076,-0.42995250000001306
0.99,0.49999507470000015,0.0014701499999993928,-0.29106000000000165
0.995,0.49999937967812613,0.00037125937500093187,-0.14775749999999732
1.0,0.5,0.0,0.0
